Country,avg_2022,avg_2023
India,193.54999542236328,190.20000457763672
China,206.24999618530273,239.77499389648438
"United States",63.07499980926514,63.125
Germany,49.125,14.400000095367432
